Current(A),Test_Time(s),Voltage(V),Discharge_Capacity(Ah),dV/dQ(V/Ah),dQ/dV(Ah/V),Discharge_Energy(Wh),Power(W)
-0.14999,12257.959,4.0726,0.31986,0.0,,1.3107,-0.61085
-0.14999,12317.96,4.0724,0.32235,0.089847,0.0,1.3209,-0.61082
-0.14999,12377.959,4.0721,0.32485,,12.407,1.3311,-0.61077
-0.14999,12437.959,4.0719,0.32735,0.0,,1.3413,-0.61074
-0.14998,12497.959,4.0716,0.32985,,0.0,1.3514,-0.61066
-0.14999,12557.96,4.0715,0.33235,0.0,,1.3616,-0.61068
-0.14999,12617.959,4.0714,0.33485,,0.0,1.3718,-0.61067
-0.15,12677.96,4.0712,0.33735,0.0,,1.382,-0.61068
-0.15,12737.96,4.0708,0.33985,,0.0,1.3921,-0.61062
-0.15,12797.959,4.0706,0.34235,0.0,,1.4023,-0.61059
-0.14999,12857.959,4.0705,0.34485,,0.0,1.4125,-0.61053
-0.14999,12917.959,4.0704,0.34734,0.0,,1.4226,-0.61052
-0.14999,12977.959,4.0702,0.34984,,0.0,1.4328,-0.61049
-0.15,13037.959,4.0699,0.35234,0.0,,1.443,-0.61049
-0.15,13097.959,4.0696,0.35484,,0.0,1.4532,-0.61044
-0.14999,13157.96,4.0695,0.35734,0.0,,1.4633,-0.61038
-0.15,13217.959,4.0694,0.35984,,0.0,1.4735,-0.61041
-0.15,13277.959,4.0692,0.36234,0.0,,1.4837,-0.61038
-0.14999,13337.959,4.0688,0.36484,,0.0,1.4938,-0.61028
-0.15,13397.959,4.0686,0.36734,0.0,,1.504,-0.61029
-0.14998,13457.959,4.0683,0.36984,,0.0,1.5142,-0.61016
-0.15,13517.959,4.0682,0.37233,0.0,,1.5243,-0.61023
-0.14999,13577.959,4.068,0.37483,,0.0,1.5345,-0.61016
-0.14999,13637.959,4.0676,0.37733,0.0,,1.5447,-0.6101
-0.15,13697.959,4.0673,0.37983,,0.0,1.5548,-0.6101
-0.15,13757.96,4.0671,0.38233,0.0,11.777,1.565,-0.61007
-0.14999,13817.96,4.0669,0.38483,,,1.5752,-0.60999
-0.14999,13877.959,4.0667,0.38733,0.0,0.0,1.5853,-0.60996
-0.15,13937.959,4.0662,0.38983,,,1.5955,-0.60993
-0.14999,13997.959,4.0659,0.39233,0.0,0.0,1.6057,-0.60984
-0.15,14057.959,4.0656,0.39483,,,1.6158,-0.60984
-0.14999,14117.96,4.0654,0.39732,0.0,0.0,1.626,-0.60977
-0.14999,14177.96,4.065,0.39982,,,1.6361,-0.60971
-0.14999,14237.959,4.0644,0.40232,0.0,0.0,1.6463,-0.60962
-0.15001,14297.96,4.0641,0.40482,,,1.6564,-0.60966
-0.14999,14357.959,4.0638,0.40732,0.0,0.0,1.6666,-0.60953
-0.14999,14417.959,4.0635,0.40982,,,1.6768,-0.60948
-0.15,14477.959,4.0631,0.41232,0.0,0.0,1.6869,-0.60947
-0.15,14537.959,4.0624,0.41482,,,1.6971,-0.60936
-0.15,14597.959,4.062,0.41732,0.10506,7.0112,1.7072,-0.6093
-0.15,14657.96,4.0616,0.41982,,,1.7174,-0.60924
-0.14999,14717.959,4.0612,0.42231,0.0,0.0,1.7275,-0.60914
-0.14999,14777.959,4.0607,0.42481,,,1.7377,-0.60906
-0.14999,14837.959,4.06,0.42731,0.0,0.0,1.7478,-0.60896
-0.14999,14897.959,4.0595,0.42981,,,1.758,-0.60888
-0.15,14957.959,4.059,0.43231,0.0,0.0,1.7681,-0.60885
-0.15001,15017.96,4.0586,0.43481,,,1.7782,-0.60883
-0.14998,15077.96,4.058,0.43731,0.0,0.0,1.7884,-0.60862
-0.14999,15137.96,4.0573,0.43981,,,1.7985,-0.60855
-0.14999,15197.959,4.0567,0.44231,0.0,4.7764,1.8087,-0.60846
-0.15,15257.96,4.0562,0.4448,,,1.8188,-0.60843
-0.15,15317.96,4.0557,0.4473,0.0,0.0,1.8289,-0.60836
-0.14999,15377.959,4.055,0.4498,,,1.8391,-0.60821
-0.14999,15437.96,4.0543,0.4523,0.0,0.0,1.8492,-0.6081
-0.15,15497.96,4.0536,0.4548,,,1.8593,-0.60804
-0.14999,15557.959,4.0531,0.4573,0.0,0.0,1.8694,-0.60792
-0.15,15617.959,4.0525,0.4598,,,1.8796,-0.60788
-0.14999,15677.96,4.0516,0.4623,0.22531,4.0026,1.8897,-0.6077
-0.15001,15737.959,4.0509,0.4648,,,1.8998,-0.60768
-0.14999,15797.96,4.0503,0.46729,0.0,0.0,1.91,-0.6075
-0.14999,15857.96,4.0498,0.46979,,,1.9201,-0.60743
-0.15,15917.959,4.0491,0.47229,0.0,0.0,1.9302,-0.60737
-0.14999,15977.959,4.0482,0.47479,,,1.9403,-0.60719
-0.15,16037.959,4.0474,0.47729,0.0,0.0,1.9504,-0.60711
-0.14999,16097.959,4.0467,0.47979,,3.5616,1.9605,-0.60696
-0.14999,16157.959,4.0461,0.48229,0.0,,1.9707,-0.60687
-0.14999,16217.96,4.0454,0.48479,,0.0,1.9808,-0.60677
-0.14999,16277.959,4.0445,0.48729,0.0,,1.9909,-0.60663
-0.15,16337.958,4.0437,0.48979,,0.0,2.001,-0.60656
-0.14999,16397.959,4.0429,0.49229,0.0,,2.0111,-0.60639
-0.15,16457.959,4.0423,0.49478,0.29031,0.0,2.0212,-0.60635
-0.14999,16517.959,4.0415,0.49728,,3.3084,2.0313,-0.60618
-0.15,16577.959,4.0408,0.49978,0.0,,2.0414,-0.60612
-0.15,16637.959,4.0398,0.50228,,0.0,2.0515,-0.60597
-0.14999,16697.959,4.039,0.50478,0.0,,2.0616,-0.60581
-0.15,16757.96,4.0383,0.50728,,0.0,2.0717,-0.60575
-0.14999,16817.959,4.0376,0.50978,0.0,,2.0818,-0.6056
-0.14999,16877.96,4.0367,0.51228,,3.1158,2.0919,-0.60546
-0.14999,16937.959,4.0357,0.51478,0.0,,2.1019,-0.60531
-0.14999,16997.96,4.0349,0.51728,,0.0,2.112,-0.60519
-0.15001,17057.959,4.0342,0.51978,0.0,,2.1221,-0.60517
-0.15,17117.96,4.0334,0.52227,,0.0,2.1322,-0.60501
-0.15,17177.959,4.0324,0.52477,,,2.1423,-0.60486
-0.14999,17237.96,4.0315,0.52727,0.33046,2.9384,2.1523,-0.60468
-0.15,17297.959,4.0306,0.52977,,,2.1624,-0.60459
-0.15,17357.959,4.0299,0.53227,0.0,0.0,2.1725,-0.60449
-0.14999,17417.96,4.0291,0.53477,,,2.1826,-0.60432
-0.14999,17477.959,4.0281,0.53727,0.0,0.0,2.1926,-0.60417
-0.15,17537.959,4.0271,0.53977,,,2.2027,-0.60407
-0.15,17597.96,4.0262,0.54227,0.0,2.8966,2.2128,-0.60393
-0.14997,17657.96,4.0255,0.54477,,,2.2228,-0.6037
-0.14999,17717.959,4.0246,0.54727,0.0,0.0,2.2329,-0.60365
-0.15,17777.959,4.0236,0.54977,,,2.2429,-0.60354
-0.14999,17837.959,4.0226,0.55226,0.0,0.0,2.253,-0.60335
-0.14999,17897.96,4.0216,0.55476,0.35447,2.7375,2.263,-0.6032
-0.15,17957.959,4.0209,0.55726,,,2.2731,-0.60314
-0.14999,18017.959,4.0199,0.55976,0.0,0.0,2.2831,-0.60294
-0.14999,18077.959,4.0189,0.56226,,,2.2932,-0.60279
-0.14999,18137.959,4.0178,0.56476,0.0,0.0,2.3032,-0.60263
-0.14999,18197.96,4.0169,0.56726,,2.6607,2.3133,-0.60249
-0.15,18257.959,4.0161,0.56976,0.0,,2.3233,-0.60242
-0.15,18317.959,4.0152,0.57226,,0.0,2.3333,-0.60228
-0.15,18377.959,4.0142,0.57476,0.0,,2.3434,-0.60213
-0.14999,18437.959,4.0131,0.57726,,0.0,2.3534,-0.60192
-0.15,18497.959,4.012,0.57976,0.38035,,2.3634,-0.6018
-0.15,18557.96,4.0111,0.58225,,2.5757,2.3735,-0.60167
-0.14999,18617.96,4.0103,0.58475,0.0,,2.3835,-0.6015
-0.15001,18677.96,4.0093,0.58725,,0.0,2.3935,-0.60144
-0.15,18737.959,4.008,0.58975,0.0,,2.4035,-0.6012
-0.14999,18797.959,4.007,0.59225,,0.0,2.4135,-0.60101
-0.14999,18857.959,4.0062,0.59475,0.0,2.5029,2.4235,-0.60089
-0.15,18917.959,4.0052,0.59725,,,2.4336,-0.60078
-0.14999,18977.959,4.0042,0.59975,0.0,0.0,2.4436,-0.60059
-0.14999,19037.96,4.003,0.60225,,,2.4536,-0.60041
-0.15,19097.96,4.002,0.60475,0.40113,0.0,2.4636,-0.6003
-0.14999,19157.959,4.0011,0.60725,,2.4574,2.4736,-0.60012
-0.14999,19217.959,4.0001,0.60975,0.0,,2.4836,-0.59997
-0.14998,19277.958,3.999,0.61224,,0.0,2.4936,-0.59977
-0.14999,19337.96,3.9979,0.61474,0.0,,2.5036,-0.59965
-0.14999,19397.96,3.9969,0.61724,,2.4073,2.5136,-0.5995
-0.14999,19457.959,3.996,0.61974,0.0,,2.5235,-0.59936
-0.15,19517.959,3.9949,0.62224,,0.0,2.5335,-0.59924
-0.15,19577.959,3.9937,0.62474,0.0,,2.5435,-0.59906
-0.15,19637.96,3.9927,0.62724,,0.0,2.5535,-0.59891
-0.14998,19697.959,3.9916,0.62974,0.41559,2.4236,2.5635,-0.59866
-0.15,19757.959,3.9908,0.63224,,,2.5734,-0.59862
-0.15,19817.96,3.9898,0.63474,0.0,0.0,2.5834,-0.59847
-0.14999,19877.959,3.9885,0.63724,,,2.5934,-0.59824
-0.15001,19937.96,3.9874,0.63973,0.0,0.0,2.6033,-0.59815
-0.14999,19997.959,3.9865,0.64223,,2.4019,2.6133,-0.59794
-0.14999,20057.96,3.9856,0.64473,0.0,,2.6233,-0.5978
-0.15,20117.959,3.9846,0.64723,,0.0,2.6332,-0.59769
-0.15,20177.959,3.9834,0.64973,0.0,,2.6432,-0.59751
-0.14999,20237.959,3.9823,0.65223,,0.0,2.6531,-0.59731
-0.14999,20297.958,3.9814,0.65473,0.41457,2.4263,2.6631,-0.59717
-0.14999,20357.959,3.9805,0.65723,,,2.673,-0.59704
-0.14999,20417.959,3.9794,0.65973,0.0,0.0,2.683,-0.59687
-0.14999,20477.959,3.9782,0.66223,,,2.6929,-0.59669
-0.15,20537.96,3.9772,0.66473,0.0,0.0,2.7029,-0.59658
-0.14999,20597.959,3.9762,0.66722,,2.4442,2.7128,-0.59639
-0.15,20657.96,3.9754,0.66972,0.0,,2.7227,-0.59631
-0.14998,20717.96,3.9744,0.67222,,0.0,2.7327,-0.59608
-0.14999,20777.959,3.9732,0.67472,0.0,,2.7426,-0.59594
-0.15,20837.959,3.9722,0.67722,,0.0,2.7525,-0.59583
-0.15,20897.959,3.9714,0.67972,0.40431,2.4902,2.7625,-0.59571
-0.14999,20957.96,3.9704,0.68222,,,2.7724,-0.59552
-0.15,21017.96,3.9693,0.68472,0.0,0.0,2.7823,-0.5954
-0.15,21077.96,3.9682,0.68722,,,2.7922,-0.59523
-0.15,21137.96,3.9673,0.68972,0.0,0.0,2.8021,-0.5951
-0.14999,21197.959,3.9665,0.69222,,2.5365,2.8121,-0.59494
-0.15,21257.959,3.9655,0.69471,0.0,,2.822,-0.59483
-0.15,21317.96,3.9643,0.69721,,0.0,2.8319,-0.59465
-0.15,21377.959,3.9634,0.69971,0.0,,2.8418,-0.59451
-0.14999,21437.959,3.9625,0.70221,,0.0,2.8517,-0.59434
-0.14999,21497.959,3.9617,0.70471,0.38964,2.6093,2.8616,-0.59422
-0.14999,21557.959,3.9608,0.70721,,,2.8715,-0.59408
-0.14999,21617.959,3.9597,0.70971,0.0,0.0,2.8814,-0.59392
-0.14999,21677.958,3.9587,0.71221,,,2.8913,-0.59377
-0.14999,21737.96,3.9577,0.71471,0.0,0.0,2.9012,-0.59362
-0.14999,21797.96,3.957,0.71721,,2.6764,2.9111,-0.59351
-0.14999,21857.959,3.9561,0.71971,0.0,,2.9209,-0.59338
-0.15,21917.96,3.955,0.7222,,0.0,2.9308,-0.59325
-0.14999,21977.96,3.9541,0.7247,0.0,,2.9407,-0.59308
-0.15,22037.959,3.9533,0.7272,,0.0,2.9506,-0.593
-0.14999,22097.958,3.9525,0.7297,0.0,,2.9605,-0.59284
-0.14999,22157.96,3.9516,0.7322,0.36826,2.7611,2.9704,-0.5927
-0.15,22217.959,3.9505,0.7347,,,2.9802,-0.59258
-0.14999,22277.959,3.9497,0.7372,0.0,0.0,2.9901,-0.59242
-0.15,22337.959,3.9488,0.7397,,,3.0,-0.59232
-0.14999,22397.959,3.9481,0.7422,0.0,0.0,3.0098,-0.59218
-0.14999,22457.96,3.9473,0.7447,,,3.0197,-0.59206
-0.14998,22517.96,3.9462,0.7472,0.0,2.8542,3.0296,-0.59185
-0.14999,22577.96,3.9453,0.7497,,,3.0394,-0.59176
-0.15001,22637.96,3.9445,0.7522,0.0,0.0,3.0493,-0.59171
-0.15,22697.959,3.9439,0.75469,,,3.0591,-0.59159
-0.15,22757.959,3.943,0.75719,0.0,0.0,3.069,-0.59145
-0.14999,22817.959,3.9421,0.75969,0.34404,,3.0789,-0.59128
-0.14999,22877.96,3.9411,0.76219,,2.9866,3.0887,-0.59113
-0.14998,22937.96,3.9404,0.76469,0.0,,3.0986,-0.59098
-0.14999,22997.959,3.9397,0.76719,,0.0,3.1084,-0.59092
-0.14999,23057.96,3.9389,0.76969,0.0,,3.1182,-0.5908
-0.15,23117.959,3.9381,0.77219,,0.0,3.1281,-0.59072
-0.15,23177.959,3.9372,0.77469,0.0,,3.1379,-0.59058
-0.14999,23237.96,3.9364,0.77719,,3.0998,3.1478,-0.59042
-0.14999,23297.959,3.9357,0.77969,0.0,,3.1576,-0.59032
-0.15,23357.96,3.9349,0.78219,,0.0,3.1674,-0.59024
-0.15,23417.959,3.9342,0.78469,0.0,,3.1773,-0.59013
-0.14999,23477.96,3.9334,0.78718,,0.0,3.1871,-0.58997
-0.15,23537.959,3.9325,0.78968,0.0,,3.1969,-0.58988
-0.14999,23597.959,3.9317,0.79218,0.31563,3.2294,3.2068,-0.58972
-0.15,23657.96,3.931,0.79468,,,3.2166,-0.58965
-0.14999,23717.96,3.9304,0.79718,0.0,0.0,3.2264,-0.58952
-0.14999,23777.959,3.9297,0.79968,,,3.2362,-0.58942
-0.14999,23837.959,3.9288,0.80218,0.0,0.0,3.2461,-0.58928
-0.15,23897.959,3.9281,0.80468,,,3.2559,-0.58922
-0.15,23957.96,3.9273,0.80718,0.0,0.0,3.2657,-0.5891
-0.15,24017.96,3.9268,0.80968,,3.3921,3.2755,-0.58902
-0.15,24077.96,3.9261,0.81218,0.0,,3.2853,-0.58892
-0.15,24137.96,3.9253,0.81468,,0.0,3.2951,-0.5888
-0.14999,24197.959,3.9245,0.81718,0.0,,3.3049,-0.58864
-0.14999,24257.959,3.9238,0.81967,,0.0,3.3147,-0.58853
-0.14999,24317.959,3.9233,0.82217,0.0,,3.3246,-0.58846
-0.14999,24377.959,3.9226,0.82467,,0.0,3.3344,-0.58835
-0.14999,24437.96,3.9219,0.82717,0.28803,3.5686,3.3442,-0.58825
-0.15,24497.96,3.921,0.82967,,,3.354,-0.58815
-0.15,24557.96,3.9203,0.83217,0.0,0.0,3.3638,-0.58805
-0.14999,24617.959,3.9199,0.83467,,,3.3736,-0.58795
-0.14999,24677.959,3.9192,0.83717,0.0,0.0,3.3834,-0.58784
-0.15,24737.959,3.9186,0.83967,,,3.3931,-0.58779
-0.14999,24797.96,3.9177,0.84217,0.0,0.0,3.4029,-0.58762
-0.14999,24857.959,3.917,0.84467,,,3.4127,-0.58751
-0.14999,24917.96,3.9164,0.84717,0.0,3.7491,3.4225,-0.58742
-0.14999,24977.96,3.9159,0.84967,,,3.4323,-0.58735
-0.15,25037.96,3.9153,0.85216,0.0,0.0,3.4421,-0.5873
-0.15,25097.96,3.9144,0.85466,,,3.4519,-0.58716
-0.14999,25157.959,3.9139,0.85716,0.0,0.0,3.4617,-0.58705
-0.14998,25217.959,3.9133,0.85966,,,3.4714,-0.58692
-0.15,25277.96,3.9128,0.86216,0.0,0.0,3.4812,-0.58692
-0.14998,25337.959,3.9121,0.86466,0.2614,,3.491,-0.58674
-0.15001,25397.96,3.9114,0.86716,,3.919,3.5008,-0.58675
-0.14999,25457.959,3.9107,0.86966,0.0,,3.5105,-0.58657
-0.14999,25517.959,3.9101,0.87216,,0.0,3.5203,-0.58648
-0.15,25577.959,3.9096,0.87466,0.0,,3.5301,-0.58644
-0.14999,25637.959,3.909,0.87716,,0.0,3.5399,-0.58631
-0.15,25697.96,3.9082,0.87966,0.0,,3.5496,-0.58623
-0.15,25757.96,3.9076,0.88216,,0.0,3.5594,-0.58614
-0.15,25817.959,3.907,0.88466,0.0,,3.5692,-0.58605
-0.14999,25877.959,3.9066,0.88715,,4.0623,3.5789,-0.58595
-0.14998,25937.959,3.906,0.88965,0.0,,3.5887,-0.58582
-0.14998,25997.959,3.9052,0.89215,,0.0,3.5985,-0.5857
-0.14999,26057.96,3.9046,0.89465,0.0,,3.6082,-0.58565
-0.14999,26117.96,3.9041,0.89715,,0.0,3.618,-0.58558
-0.14999,26177.959,3.9036,0.89965,0.0,,3.6277,-0.5855
-0.15,26237.959,3.903,0.90215,,0.0,3.6375,-0.58545
-0.14999,26297.959,3.9021,0.90465,0.0,,3.6472,-0.58528
-0.15,26357.959,3.9016,0.90715,0.24468,4.0468,3.657,-0.58524
-0.14999,26417.96,3.901,0.90965,,,3.6667,-0.58511
-0.15,26477.959,3.9006,0.91215,0.0,0.0,3.6765,-0.58509
-0.14999,26537.96,3.8999,0.91465,,,3.6862,-0.58495
-0.14999,26597.96,3.8991,0.91715,0.0,0.0,3.696,-0.58483
-0.15001,26657.959,3.8985,0.91965,,,3.7057,-0.58481
-0.14999,26717.959,3.898,0.92214,0.0,0.0,3.7155,-0.58466
-0.14999,26777.959,3.8975,0.92464,,,3.7252,-0.58459
-0.14999,26837.96,3.8968,0.92714,0.0,4.1052,3.7349,-0.58448
-0.15,26897.96,3.8961,0.92964,,,3.7447,-0.58442
-0.15,26957.96,3.8954,0.93214,0.0,0.0,3.7544,-0.58431
-0.14999,27017.959,3.8947,0.93464,,,3.7642,-0.58417
-0.15,27077.959,3.8943,0.93714,0.0,0.0,3.7739,-0.58415
-0.14999,27137.96,3.8937,0.93964,,,3.7836,-0.58402
-0.15,27197.959,3.8929,0.94214,0.0,0.0,3.7934,-0.58394
-0.15,27257.96,3.8922,0.94464,,,3.8031,-0.58383
-0.15,27317.959,3.8915,0.94714,0.24895,3.9854,3.8128,-0.58373
-0.14999,27377.96,3.8911,0.94964,,,3.8225,-0.58363
-0.14999,27437.96,3.8904,0.95214,0.0,0.0,3.8323,-0.58352
-0.15,27497.96,3.8895,0.95463,,,3.842,-0.58343
-0.15,27557.959,3.8889,0.95713,0.0,0.0,3.8517,-0.58334
-0.15,27617.959,3.8883,0.95963,,,3.8614,-0.58325
-0.14999,27677.959,3.8877,0.96213,0.0,0.0,3.8711,-0.58312
-0.15,27737.959,3.887,0.96463,,,3.8808,-0.58305
-0.14999,27797.959,3.8862,0.96713,0.0,3.6907,3.8906,-0.58289
-0.15,27857.96,3.8854,0.96963,,,3.9003,-0.58281
-0.15,27917.96,3.8847,0.97213,0.0,0.0,3.91,-0.58271
-0.15,27977.96,3.8842,0.97463,,,3.9197,-0.58263
-0.15,28037.959,3.8834,0.97713,0.0,0.0,3.9294,-0.58251
-0.15,28097.959,3.8827,0.97963,,,3.9391,-0.58241
-0.14999,28157.959,3.8817,0.98213,0.2789,3.4499,3.9488,-0.58222
-0.14999,28217.959,3.881,0.98463,,,3.9585,-0.58211
-0.15,28277.96,3.8802,0.98712,0.0,0.0,3.9682,-0.58203
-0.14999,28337.959,3.8796,0.98962,,,3.9779,-0.5819
-0.14999,28397.959,3.8788,0.99212,0.0,0.0,3.9876,-0.58178
-0.15,28457.959,3.8779,0.99462,,,3.9973,-0.58169
-0.14999,28517.96,3.877,0.99712,0.0,,4.007,-0.58151
-0.15,28577.96,3.8762,0.99962,,3.1231,4.0167,-0.58143
-0.14999,28637.96,3.8755,1.0021,0.0,,4.0264,-0.58129
-0.15,28697.959,3.8748,1.0046,,0.0,4.036,-0.58122
-0.15,28757.959,3.8739,1.0071,0.0,,4.0457,-0.58109
-0.14999,28817.959,3.8729,1.0096,,0.0,4.0554,-0.5809
-0.15,28877.959,3.872,1.0121,0.32368,,4.0651,-0.5808
-0.15,28937.959,3.8711,1.0146,,3.0315,4.0748,-0.58067
-0.15,28997.96,3.8704,1.0171,0.0,,4.0844,-0.58056
-0.15,29057.96,3.8695,1.0196,,0.0,4.0941,-0.58043
-0.15,29117.959,3.8684,1.0221,0.0,,4.1038,-0.58026
-0.15,29177.959,3.8675,1.0246,,0.0,4.1134,-0.58013
-0.15,29237.959,3.8667,1.0271,0.0,2.7679,4.1231,-0.58001
-0.14998,29297.959,3.8659,1.0296,,,4.1328,-0.57981
-0.14999,29357.96,3.8648,1.0321,0.0,0.0,4.1424,-0.57968
-0.15,29417.959,3.8638,1.0346,,,4.1521,-0.57957
-0.14999,29477.959,3.8628,1.0371,0.0,0.0,4.1617,-0.57938
-0.14999,29537.959,3.862,1.0396,0.36707,,4.1714,-0.57926
-0.14999,29597.959,3.8611,1.0421,,2.6643,4.181,-0.57913
-0.14999,29657.959,3.8601,1.0446,0.0,,4.1907,-0.57898
-0.14998,29717.959,3.859,1.0471,,0.0,4.2003,-0.57877
-0.15,29777.959,3.8581,1.0496,0.0,,4.21,-0.57872
-0.15,29837.96,3.8573,1.0521,,0.0,4.2196,-0.5786
-0.14999,29897.959,3.8563,1.0546,0.0,2.5864,4.2293,-0.57841
-0.14999,29957.959,3.8551,1.0571,,,4.2389,-0.57823
-0.15,30017.959,3.8542,1.0596,0.0,0.0,4.2485,-0.57813
-0.14999,30077.959,3.8532,1.0621,,,4.2582,-0.57794
-0.14999,30137.959,3.8523,1.0646,0.0,0.0,4.2678,-0.57781
-0.14999,30197.959,3.8513,1.0671,0.38893,2.5382,4.2774,-0.57766
-0.14999,30257.959,3.8502,1.0696,,,4.287,-0.57749
-0.15,30317.959,3.8492,1.0721,0.0,0.0,4.2967,-0.57738
-0.14999,30377.959,3.8483,1.0746,,,4.3063,-0.57721
-0.15,30437.959,3.8475,1.0771,0.0,0.0,4.3159,-0.57713
-0.14999,30497.96,3.8464,1.0796,,2.5336,4.3255,-0.57692
-0.15,30557.96,3.8453,1.0821,0.0,,4.3351,-0.5768
-0.15,30617.959,3.8443,1.0846,,0.0,4.3447,-0.57665
-0.15,30677.96,3.8434,1.0871,0.0,,4.3543,-0.57651
-0.14999,30737.96,3.8425,1.0896,,0.0,4.3639,-0.57634
-0.15,30797.96,3.8415,1.0921,0.3932,2.5451,4.3735,-0.57623
-0.14999,30857.959,3.8404,1.0946,,,4.3831,-0.57602
-0.14999,30917.96,3.8395,1.0971,0.0,0.0,4.3927,-0.57589
-0.14999,30977.959,3.8385,1.0996,,,4.4023,-0.57574
-0.15,31037.959,3.8377,1.1021,0.0,0.0,4.4119,-0.57566
-0.14999,31097.96,3.8368,1.1046,,2.6173,4.4215,-0.57548
-0.14999,31157.959,3.8356,1.1071,0.0,,4.4311,-0.5753
-0.15,31217.959,3.8346,1.1096,,0.0,4.4407,-0.57519
-0.14999,31277.96,3.8338,1.1121,0.0,,4.4503,-0.57503
-0.15,31337.959,3.8329,1.1146,,0.0,4.4598,-0.57494
-0.14999,31397.959,3.832,1.1171,0.38295,,4.4694,-0.57476
-0.14999,31457.96,3.8309,1.1196,,2.6344,4.479,-0.5746
-0.15,31517.959,3.83,1.1221,0.0,,4.4886,-0.5745
-0.15,31577.96,3.8292,1.1246,,0.0,4.4981,-0.57438
-0.14999,31637.96,3.8282,1.1271,0.0,,4.5077,-0.57419
-0.15,31697.96,3.8273,1.1296,,0.0,4.5173,-0.5741
-0.15,31757.96,3.8262,1.1321,0.0,2.6884,4.5268,-0.57393
-0.14999,31817.959,3.8253,1.1346,,,4.5364,-0.57376
-0.15,31877.959,3.8246,1.1371,0.0,0.0,4.546,-0.57369
-0.14999,31937.959,3.8237,1.1396,,,4.5555,-0.57352
-0.15,31997.96,3.8226,1.1421,0.0,0.0,4.5651,-0.57339
-0.15,32057.959,3.8217,1.1446,0.36973,2.7154,4.5746,-0.57326
-0.14999,32117.96,3.8207,1.1471,,,4.5842,-0.57307
-0.15001,32177.959,3.82,1.1496,0.0,0.0,4.5937,-0.57304
-0.15,32237.959,3.8191,1.1521,,,4.6033,-0.57287
-0.14999,32297.96,3.818,1.1546,0.0,0.0,4.6128,-0.57266
-0.14999,32357.96,3.8171,1.1571,,,4.6224,-0.57253
-0.15,32417.959,3.8163,1.1596,0.0,2.764,4.6319,-0.57245
-0.14999,32477.96,3.8156,1.1621,,,4.6414,-0.5723
-0.14999,32537.959,3.8146,1.1646,0.0,0.0,4.651,-0.57215
-0.15,32597.959,3.8136,1.1671,,,4.6605,-0.57204
-0.15,32657.959,3.8126,1.1696,0.0,0.0,4.67,-0.57189
-0.14999,32717.959,3.8118,1.1721,0.36086,,4.6796,-0.57173
-0.14999,32777.96,3.8108,1.1746,,2.7808,4.6891,-0.57158
-0.15,32837.959,3.8101,1.1771,0.0,,4.6986,-0.57152
-0.15,32897.959,3.8093,1.1796,,0.0,4.7081,-0.5714
-0.14999,32957.959,3.8083,1.1821,0.0,,4.7176,-0.57121
-0.14999,33017.96,3.8073,1.1846,,0.0,4.7272,-0.57106
-0.14999,33077.959,3.8064,1.1871,0.0,2.8245,4.7367,-0.57092
-0.15,33137.959,3.8057,1.1896,,,4.7462,-0.57086
-0.15,33197.959,3.8049,1.1921,0.0,0.0,4.7557,-0.57074
-0.14998,33257.959,3.804,1.1946,,,4.7652,-0.57052
-0.14999,33317.96,3.8029,1.1971,0.0,0.0,4.7747,-0.5704
-0.14998,33377.959,3.802,1.1996,0.35667,,4.7842,-0.57022
-0.15,33437.959,3.8011,1.2021,,2.8031,4.7937,-0.57017
-0.15,33497.959,3.8005,1.2046,0.0,,4.8032,-0.57008
-0.14999,33557.96,3.7996,1.2071,,0.0,4.8127,-0.5699
-0.14999,33617.959,3.7985,1.2096,0.0,,4.8222,-0.56974
-0.14999,33677.96,3.7977,1.2121,,0.0,4.8317,-0.56962
-0.14999,33737.959,3.797,1.2145,0.0,,4.8412,-0.56951
-0.15,33797.959,3.7961,1.217,,2.8788,4.8507,-0.56942
-0.14999,33857.959,3.7953,1.2195,0.0,,4.8602,-0.56926
-0.14999,33917.959,3.7943,1.222,,0.0,4.8696,-0.56911
-0.14999,33977.96,3.7934,1.2245,0.0,,4.8791,-0.56897
-0.14999,34037.96,3.7927,1.227,,0.0,4.8886,-0.56887
-0.15,34097.959,3.7919,1.2295,0.34346,,4.8981,-0.56879
-0.15,34157.959,3.791,1.232,,2.9725,4.9076,-0.56865
-0.15,34217.96,3.79,1.2345,0.0,,4.917,-0.5685
-0.15,34277.96,3.7892,1.237,,0.0,4.9265,-0.56838
-0.14999,34337.96,3.7884,1.2395,0.0,,4.936,-0.56822
-0.15,34397.96,3.7877,1.242,,0.0,4.9454,-0.56816
-0.14999,34457.96,3.7867,1.2445,0.0,2.9432,4.9549,-0.56797
-0.15,34517.959,3.7858,1.247,,,4.9644,-0.56787
-0.14999,34577.959,3.785,1.2495,0.0,0.0,4.9738,-0.56771
-0.15,34637.959,3.7842,1.252,,,4.9833,-0.56763
-0.14999,34697.959,3.7834,1.2545,0.0,0.0,4.9927,-0.56747
-0.14999,34757.96,3.7825,1.257,,,5.0022,-0.56734
-0.14999,34817.96,3.7815,1.2595,0.33673,2.9673,5.0116,-0.56719
-0.14999,34877.96,3.7807,1.262,,,5.0211,-0.56707
-0.14999,34937.959,3.7801,1.2645,0.0,0.0,5.0305,-0.56698
-0.14999,34997.959,3.7792,1.267,,,5.04,-0.56684
-0.14999,35057.959,3.7784,1.2695,0.0,0.0,5.0494,-0.56672
-0.14999,35117.96,3.7774,1.272,,,5.0589,-0.56657
-0.14999,35177.96,3.7765,1.2745,0.0,2.9872,5.0683,-0.56644
-0.14999,35237.959,3.7758,1.277,,,5.0777,-0.56633
-0.15001,35297.96,3.7751,1.2795,0.0,0.0,5.0872,-0.5663
-0.14999,35357.959,3.7742,1.282,,,5.0966,-0.56609
-0.15,35417.959,3.7733,1.2845,0.0,0.0,5.106,-0.566
-0.14999,35477.959,3.7724,1.287,,,5.1155,-0.56582
-0.14999,35537.959,3.7716,1.2895,0.33299,3.0319,5.1249,-0.5657
-0.14999,35597.96,3.7709,1.292,,,5.1343,-0.5656
-0.15,35657.96,3.7701,1.2945,0.0,0.0,5.1438,-0.56552
-0.14999,35717.959,3.7692,1.297,,,5.1532,-0.56534
-0.14999,35777.959,3.7683,1.2995,0.0,0.0,5.1626,-0.56521
-0.14999,35837.96,3.7675,1.302,,,5.172,-0.56509
-0.15,35897.959,3.7668,1.3045,0.0,3.0066,5.1814,-0.56502
-0.14999,35957.96,3.766,1.307,,,5.1908,-0.56486
-0.14999,36017.959,3.765,1.3095,0.0,0.0,5.2002,-0.56471
-0.14999,36077.959,3.764,1.312,,,5.2097,-0.56456
-0.14999,36137.959,3.7634,1.3145,0.0,0.0,5.2191,-0.56447
-0.14999,36197.958,3.7625,1.317,,,5.2285,-0.56434
-0.15,36257.959,3.7619,1.3195,0.33024,,5.2379,-0.56429
-0.14999,36317.96,3.761,1.322,,3.047,5.2473,-0.56411
-0.14999,36377.959,3.76,1.3245,0.0,,5.2567,-0.56396
-0.15,36437.959,3.7592,1.327,,0.0,5.2661,-0.56388
-0.15,36497.959,3.7584,1.3295,0.0,,5.2755,-0.56376
-0.14999,36557.959,3.7575,1.332,,0.0,5.2848,-0.56359
-0.14999,36617.959,3.7569,1.3345,0.0,,5.2942,-0.5635
-0.14999,36677.959,3.756,1.337,,3.0167,5.3036,-0.56336
-0.14998,36737.96,3.7551,1.3395,0.0,,5.313,-0.56319
-0.14998,36797.96,3.7542,1.342,,0.0,5.3224,-0.56305
-0.15,36857.959,3.7534,1.3445,0.0,,5.3318,-0.56301
-0.14999,36917.959,3.7528,1.347,,0.0,5.3412,-0.56288
-0.14999,36977.959,3.752,1.3495,0.33133,,5.3505,-0.56276
-0.14999,37037.959,3.7509,1.352,,3.0176,5.3599,-0.5626
-0.14999,37097.96,3.7501,1.3545,0.0,,5.3693,-0.56248
-0.14999,37157.959,3.7493,1.357,,0.0,5.3786,-0.56236
-0.14999,37217.96,3.7486,1.3595,0.0,,5.388,-0.56225
-0.14998,37277.959,3.7477,1.362,,0.0,5.3974,-0.56208
-0.15,37337.96,3.7467,1.3645,0.0,,5.4067,-0.56201
-0.15001,37397.96,3.746,1.367,,2.9882,5.4161,-0.56194
-0.14999,37457.959,3.7452,1.3695,0.0,,5.4255,-0.56174
-0.14999,37517.959,3.7444,1.372,,0.0,5.4348,-0.56162
-0.15,37577.96,3.7435,1.3745,0.0,,5.4442,-0.56153
-0.14999,37637.959,3.7425,1.377,,0.0,5.4535,-0.56134
-0.14998,37697.96,3.7417,1.3795,0.33526,,5.4629,-0.56118
-0.15,37757.959,3.741,1.382,,2.9797,5.4722,-0.56115
-0.14999,37817.96,3.7402,1.3845,0.0,,5.4816,-0.56099
-0.14999,37877.959,3.7391,1.387,,0.0,5.4909,-0.56083
-0.15,37937.959,3.7382,1.3895,0.0,,5.5003,-0.56073
-0.15,37997.959,3.7374,1.392,,0.0,5.5096,-0.56061
-0.14999,38057.959,3.7367,1.3945,0.0,,5.519,-0.56047
-0.14999,38117.959,3.7359,1.397,,2.9121,5.5283,-0.56035
-0.14998,38177.959,3.735,1.3995,0.0,,5.5376,-0.56018
-0.14998,38237.959,3.734,1.402,,0.0,5.547,-0.56003
-0.14999,38297.959,3.7332,1.4045,0.0,,5.5563,-0.55994
-0.14999,38357.959,3.7324,1.407,,0.0,5.5656,-0.55982
-0.14999,38417.958,3.7316,1.4095,0.34063,2.9356,5.575,-0.5597
-0.15,38477.959,3.7307,1.412,,,5.5843,-0.55961
-0.14999,38537.96,3.7297,1.4145,0.0,0.0,5.5936,-0.55942
-0.14999,38597.959,3.7289,1.417,,,5.6029,-0.5593
-0.14999,38657.959,3.7281,1.4195,0.0,0.0,5.6122,-0.55918
-0.14999,38717.959,3.7274,1.422,,,5.6216,-0.55907
-0.14998,38777.959,3.7264,1.4245,0.0,2.9417,5.6309,-0.55889
-0.15,38837.959,3.7255,1.427,,,5.6402,-0.55883
-0.14999,38897.959,3.7246,1.4295,0.0,0.0,5.6495,-0.55865
-0.15,38957.96,3.7239,1.432,,,5.6588,-0.55859
-0.14999,39017.959,3.7231,1.4345,0.0,0.0,5.6681,-0.55843
-0.15,39077.959,3.7222,1.437,,,5.6774,-0.55833
-0.14998,39137.959,3.7212,1.4395,0.34221,2.9232,5.6867,-0.55811
-0.15,39197.959,3.7204,1.442,,,5.696,-0.55806
-0.14999,39257.96,3.7197,1.4445,0.0,0.0,5.7053,-0.55792
-0.14999,39317.959,3.7188,1.447,,,5.7146,-0.55778
-0.14999,39377.959,3.7179,1.4495,0.0,0.0,5.7239,-0.55765
-0.14999,39437.959,3.7169,1.452,,,5.7332,-0.5575
-0.15,39497.959,3.7161,1.4545,0.0,2.9382,5.7425,-0.55742
-0.15,39557.96,3.7155,1.457,,,5.7518,-0.55733
-0.15,39617.959,3.7146,1.4595,0.0,0.0,5.761,-0.55719
-0.15,39677.959,3.7137,1.462,,,5.7703,-0.55706
-0.15,39737.959,3.7128,1.4645,0.0,0.0,5.7796,-0.55692
-0.14999,39797.959,3.7121,1.467,,,5.7889,-0.55678
-0.15,39857.959,3.7113,1.4695,0.33602,2.9961,5.7982,-0.5567
-0.15,39917.958,3.7105,1.472,,,5.8074,-0.55658
-0.14999,39977.96,3.7096,1.4745,0.0,0.0,5.8167,-0.5564
-0.14999,40037.959,3.7086,1.477,,,5.826,-0.55625
-0.14999,40097.959,3.7079,1.4795,0.0,0.0,5.8352,-0.55615
-0.14999,40157.959,3.7071,1.482,,,5.8445,-0.55603
-0.14999,40217.959,3.7064,1.4845,0.0,3.05,5.8538,-0.55592
-0.15,40277.96,3.7056,1.487,,,5.863,-0.55584
-0.15,40337.96,3.7045,1.4895,0.0,0.0,5.8723,-0.55568
-0.14999,40397.959,3.7038,1.492,,,5.8815,-0.55553
-0.14999,40457.959,3.7029,1.4945,0.0,0.0,5.8908,-0.5554
-0.14999,40517.959,3.7023,1.497,,,5.9001,-0.55531
-0.15,40577.959,3.7015,1.4995,0.32744,3.0785,5.9093,-0.55523
-0.14999,40637.959,3.7007,1.502,,,5.9186,-0.55507
-0.14999,40697.96,3.6997,1.5044,0.0,0.0,5.9278,-0.55492
-0.14999,40757.959,3.6989,1.5069,,,5.937,-0.5548
-0.15,40817.96,3.6983,1.5094,0.0,0.0,5.9463,-0.55475
-0.14999,40877.96,3.6975,1.5119,,,5.9555,-0.55459
-0.14999,40937.96,3.6968,1.5144,0.0,0.0,5.9648,-0.55448
-0.14999,40997.959,3.6958,1.5169,,3.146,5.974,-0.55433
-0.14999,41057.96,3.695,1.5194,0.0,,5.9832,-0.55421
-0.15,41117.96,3.6944,1.5219,,0.0,5.9925,-0.55416
-0.15,41177.959,3.6937,1.5244,0.0,,6.0017,-0.55406
-0.15,41237.959,3.6928,1.5269,,0.0,6.0109,-0.55392
-0.14999,41297.96,3.6919,1.5294,0.31561,,6.0202,-0.55375
-0.15,41357.959,3.6912,1.5319,,3.2049,6.0294,-0.55368
-0.14999,41417.959,3.6905,1.5344,0.0,,6.0386,-0.55354
-0.15,41477.96,3.6898,1.5369,,0.0,6.0478,-0.55347
-0.15,41537.959,3.6888,1.5394,0.0,,6.0571,-0.55332
-0.14999,41597.959,3.6881,1.5419,,0.0,6.0663,-0.55318
-0.15,41657.96,3.6873,1.5444,0.0,,6.0755,-0.5531
-0.14998,41717.959,3.6868,1.5469,,0.0,6.0847,-0.55295
-0.14999,41777.96,3.686,1.5494,0.0,3.2843,6.0939,-0.55286
-0.14999,41837.96,3.6851,1.5519,,,6.1031,-0.55273
-0.15,41897.959,3.6843,1.5544,0.0,0.0,6.1123,-0.55265
-0.14999,41957.959,3.6837,1.5569,,,6.1215,-0.55252
-0.14999,42017.96,3.683,1.5594,,0.0,6.1308,-0.55241
-0.15,42077.96,3.6823,1.5619,0.0,,6.14,-0.55235
-0.15,42137.959,3.6814,1.5644,0.30165,3.4082,6.1492,-0.55221
-0.14999,42197.959,3.6807,1.5669,,,6.1584,-0.55207
-0.14999,42257.959,3.6801,1.5694,0.0,0.0,6.1676,-0.55198
-0.15,42317.959,3.6795,1.5719,,,6.1768,-0.55193
-0.14999,42377.96,3.6786,1.5744,0.0,0.0,6.1859,-0.55175
-0.14999,42437.96,3.6778,1.5769,,,6.1951,-0.55163
-0.14999,42497.959,3.6771,1.5794,0.0,0.0,6.2043,-0.55153
-0.15,42557.959,3.6765,1.5819,,3.4772,6.2135,-0.55148
-0.15,42617.959,3.6759,1.5844,0.0,,6.2227,-0.55139
-0.14999,42677.959,3.6752,1.5869,,0.0,6.2319,-0.55124
-0.15,42737.959,3.6743,1.5894,0.0,,6.2411,-0.55115
-0.15,42797.959,3.6736,1.5919,,0.0,6.2503,-0.55104
-0.14999,42857.959,3.673,1.5944,0.0,,6.2594,-0.55091
-0.14998,42917.96,3.6724,1.5969,,0.0,6.2686,-0.55079
-0.15,42977.96,3.6717,1.5994,0.28182,,6.2778,-0.55076
-0.14999,43037.959,3.671,1.6019,,3.5906,6.287,-0.55061
-0.14998,43097.96,3.6701,1.6044,0.0,,6.2961,-0.55044
-0.14999,43157.96,3.6695,1.6069,,0.0,6.3053,-0.55039
-0.15,43217.959,3.6689,1.6094,0.0,,6.3145,-0.55034
-0.14998,43277.959,3.6683,1.6119,,0.0,6.3237,-0.55017
-0.15,43337.96,3.6676,1.6144,0.0,,6.3328,-0.55014
-0.15,43397.959,3.6669,1.6169,,0.0,6.342,-0.55004
-0.15,43457.959,3.6661,1.6194,0.0,3.7143,6.3511,-0.54992
-0.14998,43517.96,3.6655,1.6219,,,6.3603,-0.54975
-0.14998,43577.96,3.6649,1.6244,0.0,0.0,6.3695,-0.54966
-0.14999,43637.959,3.6643,1.6269,,,6.3786,-0.54961
-0.15,43697.959,3.6637,1.6294,0.0,0.0,6.3878,-0.54956
-0.14999,43757.96,3.6628,1.6319,,,6.3969,-0.54938
-0.14999,43817.96,3.6622,1.6344,0.0,0.0,6.4061,-0.54929
-0.15,43877.959,3.6617,1.6369,0.266,,6.4152,-0.54926
-0.15,43937.959,3.6611,1.6394,,3.8308,6.4244,-0.54917
-0.14999,43997.959,3.6604,1.6419,0.0,,6.4335,-0.54902
-0.14999,44057.959,3.6597,1.6444,,0.0,6.4427,-0.54892
-0.14999,44117.959,3.659,1.6469,0.0,,6.4518,-0.54881
-0.14999,44177.959,3.6585,1.6494,,0.0,6.461,-0.54874
-0.14999,44237.96,3.6579,1.6519,0.0,,6.4701,-0.54865
-0.14999,44297.96,3.6573,1.6544,,0.0,6.4793,-0.54856
-0.15,44357.959,3.6565,1.6569,0.0,,6.4884,-0.54848
-0.14999,44417.96,3.6559,1.6594,,3.9243,6.4975,-0.54835
-0.14999,44477.959,3.6555,1.6619,0.0,,6.5067,-0.54829
-0.15001,44537.959,3.6548,1.6644,,0.0,6.5158,-0.54826
-0.14999,44597.959,3.654,1.6669,0.0,,6.5249,-0.54806
-0.14999,44657.959,3.6535,1.6694,,0.0,6.5341,-0.54799
-0.14998,44717.96,3.6528,1.6719,0.0,,6.5432,-0.54785
-0.14998,44777.959,3.6524,1.6744,,0.0,6.5523,-0.54779
-0.14999,44837.959,3.6517,1.6769,0.25038,,6.5615,-0.54772
-0.14999,44897.96,3.651,1.6794,,4.0994,6.5706,-0.54761
-0.15,44957.96,3.6504,1.6819,0.0,,6.5797,-0.54756
-0.14998,45017.959,3.6498,1.6844,,0.0,6.5888,-0.5474
-0.15,45077.96,3.6492,1.6869,0.0,,6.5979,-0.54738
-0.15,45137.96,3.6487,1.6894,,0.0,6.6071,-0.54731
-0.14999,45197.959,3.6481,1.6919,0.0,,6.6162,-0.54718
-0.15,45257.959,3.6474,1.6944,,0.0,6.6253,-0.54711
-0.14999,45317.96,3.6468,1.6969,0.0,,6.6344,-0.54698
-0.14999,45377.96,3.6463,1.6994,,4.1667,6.6435,-0.54691
-0.14999,45437.96,3.6458,1.7019,0.0,,6.6526,-0.54683
-0.15,45497.959,3.6453,1.7044,,0.0,6.6617,-0.5468
-0.15001,45557.958,3.6445,1.7069,0.0,,6.6709,-0.54671
-0.15,45617.958,3.6439,1.7094,,0.0,6.68,-0.54659
-0.14998,45677.96,3.6434,1.7119,0.0,,6.6891,-0.54644
-0.15,45737.959,3.6429,1.7144,,0.0,6.6982,-0.54644
-0.14999,45797.959,3.6423,1.7169,0.0,,6.7073,-0.54631
-0.14998,45857.959,3.6416,1.7194,0.23712,0.0,6.7164,-0.54617
-0.14999,45917.959,3.6409,1.7219,,4.2658,6.7255,-0.5461
-0.14998,45977.959,3.6406,1.7244,0.0,,6.7346,-0.54602
-0.15,46037.959,3.64,1.7269,,0.0,6.7437,-0.546
-0.14999,46097.96,3.6394,1.7294,0.0,,6.7528,-0.54587
-0.14999,46157.959,3.6386,1.7319,,0.0,6.7619,-0.54575
-0.15,46217.96,3.6381,1.7344,0.0,,6.771,-0.54572
-0.14999,46277.958,3.6376,1.7369,,0.0,6.7801,-0.5456
-0.14999,46337.959,3.6371,1.7394,0.0,,6.7891,-0.54553
-0.14999,46397.959,3.6366,1.7419,,4.3673,6.7982,-0.54545
-0.14998,46457.959,3.6358,1.7444,0.0,,6.8073,-0.5453
-0.15,46517.96,3.6353,1.7469,,0.0,6.8164,-0.5453
-0.15,46577.959,3.6348,1.7494,0.0,,6.8255,-0.54522
-0.14999,46637.959,3.6343,1.7519,,0.0,6.8346,-0.54511
-0.14998,46697.959,3.6337,1.7544,0.0,,6.8437,-0.54498
-0.15,46757.96,3.6331,1.7569,,0.0,6.8527,-0.54497
-0.15,46817.959,3.6324,1.7594,0.0,,6.8618,-0.54486
-0.14998,46877.96,3.6319,1.7619,0.22726,0.0,6.8709,-0.54471
-0.14998,46937.959,3.6315,1.7644,,4.4539,6.88,-0.54465
-0.14999,46997.959,3.6309,1.7669,0.0,,6.889,-0.5446
-0.14999,47057.959,3.6302,1.7694,,0.0,6.8981,-0.54449
-0.14999,47117.959,3.6297,1.7719,0.0,,6.9072,-0.54442
-0.14999,47177.959,3.6292,1.7744,,0.0,6.9163,-0.54434
-0.15,47237.959,3.6287,1.7769,0.0,,6.9253,-0.54431
-0.15,47297.959,3.6281,1.7794,,0.0,6.9344,-0.54422
-0.14998,47357.959,3.6275,1.7819,0.0,,6.9435,-0.54405
-0.14999,47417.959,3.6269,1.7844,,0.0,6.9525,-0.544
-0.14999,47477.959,3.6263,1.7869,,4.4596,6.9616,-0.54391
-0.14999,47537.959,3.6259,1.7894,0.0,,6.9707,-0.54385
-0.14999,47597.959,3.6254,1.7918,,0.0,6.9797,-0.54377
-0.15,47657.96,3.6246,1.7943,0.0,,6.9888,-0.54369
-0.14999,47717.96,3.6241,1.7968,,0.0,6.9978,-0.54358
-0.14999,47777.96,3.6235,1.7993,0.0,,7.0069,-0.54349
-0.15,47837.959,3.6231,1.8018,,0.0,7.0159,-0.54347
-0.14999,47897.959,3.6226,1.8043,0.0,,7.025,-0.54335
-0.14998,47957.96,3.6219,1.8068,0.22416,0.0,7.034,-0.54321
-0.15,48017.959,3.6213,1.8093,,4.5128,7.0431,-0.5432
-0.15,48077.959,3.6208,1.8118,0.0,,7.0521,-0.54312
-0.14999,48137.959,3.6203,1.8143,,0.0,7.0612,-0.54301
-0.14999,48197.959,3.6198,1.8168,0.0,,7.0702,-0.54293
-0.14999,48257.959,3.6191,1.8193,,0.0,7.0793,-0.54283
-0.15,48317.959,3.6186,1.8218,0.0,,7.0883,-0.54279
-0.14998,48377.959,3.618,1.8243,,0.0,7.0974,-0.54263
-0.14999,48437.959,3.6175,1.8268,0.0,,7.1064,-0.54259
-0.14999,48497.96,3.617,1.8293,,0.0,7.1155,-0.54251
-0.15,48557.959,3.6164,1.8318,0.0,4.463,7.1245,-0.54246
-0.14999,48617.959,3.6157,1.8343,,,7.1335,-0.54232
-0.14999,48677.959,3.6152,1.8368,0.0,0.0,7.1426,-0.54224
-0.14999,48737.959,3.6148,1.8393,,,7.1516,-0.54218
-0.14999,48797.959,3.6142,1.8418,0.0,0.0,7.1606,-0.54209
-0.14998,48857.959,3.6136,1.8443,,,7.1697,-0.54197
-0.14998,48917.96,3.6129,1.8468,0.0,0.0,7.1787,-0.54186
-0.14999,48977.96,3.6123,1.8493,,,7.1877,-0.54181
-0.14999,49037.96,3.6119,1.8518,0.2232,0.0,7.1968,-0.54175
-0.14999,49097.959,3.6114,1.8543,,4.4623,7.2058,-0.54167
-0.14998,49157.958,3.6108,1.8568,0.0,,7.2148,-0.54155
-0.14999,49217.959,3.6102,1.8593,,0.0,7.2238,-0.54149
-0.14999,49277.96,3.6095,1.8618,0.0,,7.2328,-0.54139
-0.14999,49337.959,3.6089,1.8643,,0.0,7.2419,-0.5413
-0.14999,49397.959,3.6084,1.8668,0.0,,7.2509,-0.54122
-0.14999,49457.959,3.6079,1.8693,,0.0,7.2599,-0.54115
-0.14999,49517.959,3.6074,1.8718,0.0,,7.2689,-0.54107
-0.14999,49577.959,3.6067,1.8743,,0.0,7.2779,-0.54097
-0.14999,49637.959,3.606,1.8768,0.0,4.3166,7.2869,-0.54086
-0.14999,49697.96,3.6055,1.8793,,,7.296,-0.54079
-0.15,49757.959,3.605,1.8818,0.0,0.0,7.305,-0.54075
-0.14999,49817.96,3.6045,1.8843,,,7.314,-0.54064
-0.15,49877.959,3.6037,1.8868,0.0,0.0,7.323,-0.54056
-0.14998,49937.959,3.6031,1.8893,,,7.332,-0.54039
-0.14999,49997.959,3.6025,1.8918,0.0,0.0,7.341,-0.54034
-0.15,50057.96,3.6021,1.8943,,,7.35,-0.54032
-0.15,50117.959,3.6015,1.8968,0.23215,4.2609,7.359,-0.54023
-0.14999,50177.959,3.6007,1.8993,,,7.368,-0.54007
-0.15,50237.96,3.6001,1.9018,0.0,0.0,7.377,-0.54002
-0.15,50297.96,3.5996,1.9043,,,7.386,-0.53994
-0.14999,50357.96,3.5991,1.9068,0.0,0.0,7.395,-0.53983
-0.14999,50417.959,3.5985,1.9093,,,7.404,-0.53974
-0.14999,50477.959,3.5977,1.9118,0.0,0.0,7.413,-0.53962
-0.15,50537.959,3.5971,1.9143,,,7.422,-0.53957
-0.15,50597.96,3.5966,1.9168,0.0,0.0,7.431,-0.53949
-0.15,50657.96,3.5961,1.9193,,4.1707,7.4399,-0.53942
-0.14999,50717.959,3.5954,1.9218,0.0,,7.4489,-0.53927
-0.14998,50777.959,3.5947,1.9243,,0.0,7.4579,-0.53913
-0.14999,50837.96,3.594,1.9268,0.0,,7.4669,-0.53906
-0.14999,50897.959,3.5936,1.9293,,0.0,7.4759,-0.539
-0.14999,50957.959,3.593,1.9318,0.0,,7.4849,-0.53891
-0.14999,51017.96,3.5923,1.9343,,0.0,7.4938,-0.53881
-0.14999,51077.959,3.5916,1.9368,0.24293,,7.5028,-0.5387
-0.15,51137.959,3.591,1.9393,,4.0543,7.5118,-0.53865
-0.14999,51197.96,3.5904,1.9418,0.0,,7.5208,-0.53852
-0.14999,51257.959,3.5899,1.9443,,0.0,7.5297,-0.53845
-0.15,51317.959,3.5893,1.9468,0.0,,7.5387,-0.5384
-0.14998,51377.96,3.5885,1.9493,,0.0,7.5477,-0.5382
-0.14999,51437.959,3.5878,1.9518,0.0,,7.5566,-0.53813
-0.14998,51497.96,3.5873,1.9543,,0.0,7.5656,-0.53802
-0.14999,51557.96,3.5867,1.9568,0.0,,7.5746,-0.53797
-0.14999,51617.958,3.586,1.9593,,3.9763,7.5835,-0.53786
-0.14999,51677.96,3.5853,1.9618,0.0,,7.5925,-0.53776
-0.14999,51737.959,3.5847,1.9643,,0.0,7.6015,-0.53767
-0.14999,51797.959,3.5842,1.9668,0.0,,7.6104,-0.53759
-0.15,51857.96,3.5835,1.9693,,0.0,7.6194,-0.53753
-0.14999,51917.96,3.5828,1.9718,0.0,,7.6283,-0.53738
-0.14999,51977.96,3.5821,1.9743,,0.0,7.6373,-0.53728
-0.15,52037.959,3.5814,1.9768,0.25367,,7.6462,-0.53721
-0.15,52097.959,3.5809,1.9793,,3.8852,7.6552,-0.53714
-0.14999,52157.96,3.5803,1.9818,0.0,,7.6641,-0.53701
-0.14999,52217.959,3.5795,1.9843,,0.0,7.6731,-0.53689
-0.15,52277.96,3.5788,1.9868,0.0,,7.682,-0.53682
-0.14998,52337.959,3.5781,1.9893,,0.0,7.691,-0.53664
-0.14999,52397.959,3.5776,1.9918,0.0,,7.6999,-0.5366
-0.14998,52457.959,3.577,1.9943,,0.0,7.7088,-0.53648
-0.14999,52517.96,3.5761,1.9968,0.0,3.7947,7.7178,-0.53638
-0.15,52577.959,3.5755,1.9993,,,7.7267,-0.53633
-0.14999,52637.96,3.5748,2.0018,0.0,0.0,7.7356,-0.53618
-0.15,52697.96,3.5743,2.0043,,,7.7446,-0.53615
-0.14999,52757.959,3.5736,2.0068,0.0,0.0,7.7535,-0.536
-0.14999,52817.96,3.5728,2.0093,,,7.7624,-0.53588
-0.15,52877.958,3.5721,2.0118,0.0,0.0,7.7714,-0.53582
-0.14999,52937.959,3.5714,2.0143,0.26546,,7.7803,-0.53567
-0.14998,52997.96,3.5709,2.0168,,3.6961,7.7892,-0.53556
-0.14999,53057.959,3.5702,2.0193,0.0,,7.7981,-0.53549
-0.14999,53117.96,3.5693,2.0218,,0.0,7.8071,-0.53536
-0.14999,53177.96,3.5687,2.0243,0.0,,7.816,-0.53527
-0.14999,53237.959,3.5679,2.0268,,0.0,7.8249,-0.53515
-0.15,53297.959,3.5674,2.0293,0.0,,7.8338,-0.53511
-0.15,53357.959,3.5668,2.0318,,0.0,7.8427,-0.53502
-0.15,53417.96,3.5659,2.0343,0.0,3.6296,7.8516,-0.53489
-0.14999,53477.959,3.5652,2.0368,,,7.8606,-0.53474
-0.15,53537.96,3.5645,2.0393,0.0,0.0,7.8695,-0.53468
-0.14999,53597.959,3.5639,2.0418,,,7.8784,-0.53455
-0.14999,53657.96,3.5632,2.0443,0.0,0.0,7.8873,-0.53444
-0.14999,53717.959,3.5623,2.0468,,,7.8962,-0.53431
-0.15,53777.96,3.5616,2.0493,0.28022,0.0,7.9051,-0.53424
-0.14999,53837.96,3.561,2.0518,,3.514,7.914,-0.53411
-0.14999,53897.96,3.5604,2.0543,0.0,,7.9229,-0.53402
-0.14999,53957.959,3.5596,2.0568,,0.0,7.9318,-0.5339
-0.14999,54017.959,3.5588,2.0593,0.0,,7.9407,-0.53378
-0.14999,54077.959,3.558,2.0618,,0.0,7.9496,-0.53366
-0.14999,54137.96,3.5573,2.0643,0.0,,7.9585,-0.53356
-0.14999,54197.959,3.5567,2.0668,,0.0,7.9674,-0.53347
-0.15,54257.96,3.556,2.0693,0.0,3.4299,7.9762,-0.5334
-0.15,54317.96,3.555,2.0718,,,7.9851,-0.53325
-0.14998,54377.959,3.5543,2.0743,0.0,0.0,7.994,-0.53307
-0.14999,54437.959,3.5536,2.0768,,,8.0029,-0.533
-0.15,54497.959,3.553,2.0793,0.0,0.0,8.0118,-0.53295
-0.15,54557.96,3.5522,2.0817,,,8.0207,-0.53283
-0.14999,54617.959,3.5514,2.0842,0.29341,0.0,8.0295,-0.53267
-0.14999,54677.959,3.5506,2.0867,,3.3695,8.0384,-0.53255
-0.15,54737.959,3.5499,2.0892,0.0,,8.0473,-0.53249
-0.14999,54797.959,3.5492,2.0917,,0.0,8.0561,-0.53234
-0.15,54857.959,3.5485,2.0942,0.0,,8.065,-0.53228
-0.14999,54917.959,3.5475,2.0967,,0.0,8.0739,-0.53209
-0.14999,54977.959,3.5467,2.0992,0.0,,8.0827,-0.53197
-0.14999,55037.959,3.5461,2.1017,,3.2813,8.0916,-0.53188
-0.14999,55097.959,3.5454,2.1042,0.0,,8.1005,-0.53177
-0.15,55157.959,3.5446,2.1067,,0.0,8.1093,-0.53169
-0.14999,55217.959,3.5436,2.1092,0.0,,8.1182,-0.5315
-0.14999,55277.959,3.5429,2.1117,,0.0,8.127,-0.5314
-0.15,55337.96,3.5422,2.1142,0.0,,8.1359,-0.53133
-0.15,55397.96,3.5415,2.1167,0.30569,0.0,8.1447,-0.53123
-0.15,55457.96,3.5408,2.1192,,3.2366,8.1536,-0.53112
-0.14999,55517.959,3.5398,2.1217,0.0,,8.1624,-0.53093
-0.15,55577.96,3.539,2.1242,,0.0,8.1713,-0.53085
-0.14999,55637.959,3.5383,2.1267,0.0,,8.1801,-0.53071
-0.15,55697.959,3.5376,2.1292,,0.0,8.189,-0.53064
-0.14999,55757.96,3.5369,2.1317,0.0,,8.1978,-0.5305
-0.14999,55817.959,3.5359,2.1342,,3.2055,8.2067,-0.53035
-0.14998,55877.959,3.5351,2.1367,0.0,,8.2155,-0.53019
-0.15,55937.96,3.5343,2.1392,,0.0,8.2243,-0.53015
-0.14999,55997.96,3.5337,2.1417,0.0,,8.2332,-0.53002
-0.15,56057.96,3.5329,2.1442,,0.0,8.242,-0.52994
-0.15,56117.96,3.5319,2.1467,0.0,,8.2508,-0.52979
-0.14999,56177.959,3.5311,2.1492,0.31336,3.1656,8.2596,-0.52963
-0.14999,56237.96,3.5305,2.1517,,,8.2685,-0.52954
-0.14999,56297.96,3.5298,2.1542,0.0,0.0,8.2773,-0.52943
-0.14999,56357.959,3.529,2.1567,,,8.2861,-0.52931
-0.15,56417.96,3.528,2.1592,0.0,0.0,8.2949,-0.5292
-0.15,56477.959,3.5272,2.1617,,,8.3037,-0.52908
-0.14999,56537.959,3.5266,2.1642,0.0,0.0,8.3126,-0.52895
-0.15,56597.958,3.5258,2.1667,,3.1654,8.3214,-0.52887
-0.14999,56657.959,3.525,2.1692,0.0,,8.3302,-0.52871
-0.15,56717.959,3.524,2.1717,,0.0,8.339,-0.5286
-0.15,56777.96,3.5233,2.1742,0.0,,8.3478,-0.5285
-0.14999,56837.96,3.5225,2.1767,,0.0,8.3566,-0.52834
-0.14999,56897.96,3.5218,2.1792,0.31877,,8.3654,-0.52823
-0.15,56957.959,3.5209,2.1817,,3.1212,8.3742,-0.52814
-0.15,57017.959,3.52,2.1842,0.0,,8.383,-0.528
-0.15,57077.959,3.5192,2.1867,,0.0,8.3918,-0.52788
-0.15,57137.959,3.5185,2.1892,0.0,,8.4006,-0.52778
-0.15,57197.959,3.5177,2.1917,,0.0,8.4094,-0.52766
-0.15,57257.96,3.5168,2.1942,0.0,,8.4182,-0.52752
-0.14999,57317.959,3.5159,2.1967,,3.0471,8.427,-0.52735
-0.14999,57377.959,3.5152,2.1992,0.0,,8.4357,-0.52724
-0.15,57437.959,3.5144,2.2017,,0.0,8.4445,-0.52716
-0.14999,57497.959,3.5136,2.2042,0.0,,8.4533,-0.527
-0.14999,57557.959,3.5127,2.2067,,0.0,8.4621,-0.52687
-0.15,57617.96,3.5118,2.2092,0.32761,,8.4709,-0.52677
-0.14999,57677.959,3.5109,2.2117,,3.0245,8.4796,-0.5266
-0.14999,57737.959,3.5102,2.2142,0.0,,8.4884,-0.52649
-0.15,57797.959,3.5095,2.2167,,0.0,8.4972,-0.52643
-0.14999,57857.959,3.5084,2.2192,0.0,,8.506,-0.52622
-0.14999,57917.96,3.5076,2.2217,,0.0,8.5147,-0.5261
-0.14999,57977.96,3.5067,2.2242,0.0,,8.5235,-0.52597
-0.14999,58037.959,3.506,2.2267,,2.9723,8.5323,-0.52586
-0.15,58097.959,3.5052,2.2292,0.0,,8.541,-0.52578
-0.14999,58157.959,3.5042,2.2317,,0.0,8.5498,-0.52559
-0.14999,58217.959,3.5033,2.2342,0.0,,8.5585,-0.52546
-0.15,58277.96,3.5025,2.2367,,0.0,8.5673,-0.52538
-0.15,58337.96,3.5017,2.2392,0.34065,,8.576,-0.52526
-0.14999,58397.959,3.5008,2.2417,,2.8873,8.5848,-0.52508
-0.15,58457.959,3.4998,2.2442,0.0,,8.5935,-0.52497
-0.14999,58517.958,3.4989,2.2467,,0.0,8.6023,-0.5248
-0.15,58577.96,3.4982,2.2492,0.0,,8.611,-0.52473
-0.14998,58637.959,3.4973,2.2517,,0.0,8.6198,-0.52453
-0.14999,58697.959,3.4962,2.2542,0.0,2.8311,8.6285,-0.5244
-0.14998,58757.959,3.4953,2.2567,,,8.6372,-0.52423
-0.15,58817.959,3.4945,2.2592,0.0,,8.646,-0.52418
-0.14998,58877.959,3.4936,2.2617,,0.0,8.6547,-0.52397
-0.15001,58937.96,3.4928,2.2642,0.0,,8.6634,-0.52395
-0.14999,58997.959,3.4918,2.2667,0.35801,0.0,8.6722,-0.52374
-0.15,59057.959,3.4908,2.2692,,2.7398,8.6809,-0.52362
-0.15,59117.959,3.4898,2.2717,0.0,,8.6896,-0.52347
-0.14999,59177.958,3.4891,2.2742,,0.0,8.6983,-0.52333
-0.15,59237.96,3.4881,2.2767,0.0,,8.7071,-0.52322
-0.14999,59297.959,3.487,2.2792,,0.0,8.7158,-0.52302
-0.15,59357.959,3.4861,2.2817,0.0,2.6965,8.7245,-0.52292
-0.14999,59417.959,3.4851,2.2842,,,8.7332,-0.52273
-0.14999,59477.959,3.4844,2.2867,0.0,0.0,8.7419,-0.52263
-0.15,59537.959,3.4834,2.2892,,,8.7506,-0.52251
-0.14999,59597.959,3.4825,2.2917,0.0,0.0,8.7593,-0.52234
-0.14999,59657.959,3.4813,2.2942,0.37488,,8.768,-0.52216
-0.14999,59717.96,3.4804,2.2967,,2.6157,8.7767,-0.52203
-0.14999,59777.959,3.4795,2.2992,0.0,,8.7854,-0.52189
-0.14999,59837.96,3.4787,2.3017,,0.0,8.7941,-0.52177
-0.14999,59897.96,3.4777,2.3042,0.0,,8.8028,-0.52162
-0.15,59957.959,3.4765,2.3067,,0.0,8.8115,-0.52148
-0.14999,60017.96,3.4756,2.3092,0.0,2.5846,8.8202,-0.52131
-0.14999,60077.959,3.4747,2.3117,,,8.8289,-0.52117
-0.14999,60137.96,3.4737,2.3142,0.0,0.0,8.8375,-0.52102
-0.14999,60197.96,3.4728,2.3167,,,8.8462,-0.52089
-0.14999,60257.959,3.4716,2.3192,0.38996,0.0,8.8549,-0.52071
-0.14999,60317.959,3.4707,2.3217,,2.56,8.8636,-0.52057
-0.15,60377.959,3.4696,2.3242,0.0,,8.8722,-0.52044
-0.14998,60437.96,3.4688,2.3267,,0.0,8.8809,-0.52025
-0.14999,60497.96,3.4678,2.3292,0.0,,8.8896,-0.52014
-0.14998,60557.959,3.4666,2.3317,,0.0,8.8982,-0.51992
-0.14999,60617.959,3.4656,2.3342,0.0,2.4989,8.9069,-0.51981
-0.15,60677.959,3.4647,2.3367,,,8.9156,-0.51971
-0.14999,60737.959,3.4638,2.3392,0.0,0.0,8.9242,-0.51954
-0.14999,60797.96,3.4628,2.3417,,,8.9329,-0.51939
-0.14999,60857.96,3.4617,2.3442,0.40127,0.0,8.9415,-0.51922
-0.14999,60917.959,3.4606,2.3467,,2.4676,8.9502,-0.51906
-0.14999,60977.96,3.4597,2.3492,0.0,,8.9588,-0.51892
-0.14999,61037.959,3.4586,2.3517,,0.0,8.9675,-0.51876
-0.14999,61097.959,3.4576,2.3542,0.0,,8.9761,-0.51861
-0.15,61157.958,3.4565,2.3567,,0.0,8.9848,-0.51848
-0.14999,61217.959,3.4554,2.3592,0.0,2.4329,8.9934,-0.51828
-0.14999,61277.96,3.4544,2.3617,,,9.002,-0.51813
-0.14999,61337.959,3.4535,2.3642,0.0,0.0,9.0107,-0.51799
-0.14998,61397.959,3.4525,2.3667,,,9.0193,-0.51781
-0.14999,61457.959,3.4513,2.3692,0.413,0.0,9.0279,-0.51766
-0.14999,61517.96,3.4503,2.3717,,2.4126,9.0365,-0.51751
-0.14999,61577.959,3.4494,2.3741,0.0,,9.0452,-0.51738
-0.14999,61637.959,3.4483,2.3766,,0.0,9.0538,-0.51721
-0.14998,61697.96,3.4473,2.3791,0.0,,9.0624,-0.51703
-0.14999,61757.96,3.4462,2.3816,,2.4324,9.071,-0.5169
-0.14999,61817.96,3.4452,2.3841,0.0,,9.0796,-0.51675
-0.14999,61877.959,3.4443,2.3866,,0.0,9.0882,-0.51661
-0.15,61937.959,3.4433,2.3891,0.0,,9.0968,-0.5165
-0.14998,61997.958,3.4423,2.3916,,0.0,9.1054,-0.51628
-0.14999,62057.959,3.4412,2.3941,0.40444,2.5183,9.114,-0.51615
-0.15,62117.96,3.4402,2.3966,,,9.1226,-0.51603
-0.14999,62177.959,3.4394,2.3991,0.0,,9.1312,-0.51588
-0.14999,62237.96,3.4385,2.4016,,0.0,9.1398,-0.51574
-0.14999,62297.96,3.4374,2.4041,0.0,,9.1484,-0.51558
-0.14999,62357.959,3.4366,2.4066,,0.0,9.157,-0.51546
-0.14999,62417.959,3.4356,2.4091,0.0,2.6703,9.1656,-0.51531
-0.15,62477.959,3.4349,2.4116,,,9.1742,-0.51524
-0.14999,62537.96,3.434,2.4141,0.0,0.0,9.1828,-0.51507
-0.14999,62597.96,3.4331,2.4166,,,9.1913,-0.51493
-0.14999,62657.959,3.4322,2.4191,0.0,0.0,9.1999,-0.5148
-0.14999,62717.959,3.4314,2.4216,0.36134,,9.2085,-0.51468
-0.14999,62777.959,3.4307,2.4241,,2.9256,9.2171,-0.51457
-0.14999,62837.959,3.4299,2.4266,0.0,,9.2257,-0.51445
-0.15,62897.959,3.4291,2.4291,,0.0,9.2342,-0.51437
-0.14999,62957.959,3.4282,2.4316,0.0,,9.2428,-0.5142
-0.15,63017.96,3.4275,2.4341,,0.0,9.2514,-0.51413
-0.14999,63077.959,3.4267,2.4366,0.0,,9.2599,-0.51397
-0.15,63137.959,3.4261,2.4391,,3.2136,9.2685,-0.51392
-0.14999,63197.96,3.4254,2.4416,0.0,,9.277,-0.51378
-0.15,63257.96,3.4245,2.4441,,0.0,9.2856,-0.51368
-0.14999,63317.96,3.4237,2.4466,0.0,,9.2942,-0.51352
-0.15001,63377.959,3.423,2.4491,,0.0,9.3027,-0.51348
-0.14999,63437.959,3.4225,2.4516,0.0,,9.3113,-0.51334
-0.15,63497.96,3.4218,2.4541,0.30234,0.0,9.3198,-0.51327
-0.15,63557.96,3.4209,2.4566,,3.4695,9.3284,-0.51314
-0.14999,63617.96,3.4201,2.4591,0.0,,9.3369,-0.51298
-0.14999,63677.96,3.4195,2.4616,,0.0,9.3455,-0.51289
-0.14999,63737.959,3.419,2.4641,0.0,,9.354,-0.51282
-0.14999,63797.959,3.4182,2.4666,,0.0,9.3626,-0.5127
-0.15,63857.959,3.4173,2.4691,0.0,,9.3711,-0.5126
-0.15,63917.96,3.4167,2.4716,,0.0,9.3796,-0.51251
-0.14999,63977.96,3.416,2.4741,0.0,3.5762,9.3882,-0.51237
-0.14999,64037.96,3.4155,2.4766,,,9.3967,-0.51229
-0.14999,64097.959,3.4147,2.4791,0.0,0.0,9.4053,-0.51217
-0.15,64157.959,3.4139,2.4816,,,9.4138,-0.51209
-0.14999,64217.96,3.4132,2.4841,0.0,0.0,9.4223,-0.51195
-0.14999,64277.96,3.4125,2.4866,,,9.4309,-0.51184
-0.14999,64337.96,3.412,2.4891,0.28052,0.0,9.4394,-0.51177
-0.14999,64397.96,3.4112,2.4916,,3.5563,9.4479,-0.51165
-0.14999,64457.959,3.4104,2.4941,0.0,,9.4564,-0.51153
-0.15,64517.959,3.4096,2.4966,,0.0,9.465,-0.51144
-0.14999,64577.96,3.409,2.4991,0.0,,9.4735,-0.51132
-0.14998,64637.96,3.4084,2.5016,,0.0,9.482,-0.51119
-0.15,64697.959,3.4076,2.5041,,,9.4905,-0.51114
-0.15,64757.959,3.4068,2.5066,0.0,0.0,9.499,-0.51102
-0.14999,64817.96,3.406,2.5091,,3.4637,9.5075,-0.51087
-0.14998,64877.96,3.4053,2.5116,0.0,,9.516,-0.51073
-0.14999,64937.959,3.4047,2.5141,,0.0,9.5246,-0.51067
-0.14999,64997.96,3.4039,2.5166,0.0,,9.5331,-0.51055
-0.14999,65057.959,3.403,2.5191,,0.0,9.5416,-0.51042
-0.14999,65117.959,3.4023,2.5216,0.0,,9.5501,-0.51031
-0.15,65177.959,3.4016,2.5241,0.29321,0.0,9.5586,-0.51024
-0.14999,65237.96,3.4009,2.5266,,3.3099,9.5671,-0.5101
-0.14999,65297.959,3.4001,2.5291,0.0,,9.5756,-0.50998
-0.14999,65357.96,3.3991,2.5316,,0.0,9.5841,-0.50983
-0.15,65417.959,3.3983,2.5341,0.0,,9.5926,-0.50975
-0.15,65477.959,3.3976,2.5366,,0.0,9.6011,-0.50964
-0.14998,65537.959,3.3969,2.5391,0.0,,9.6096,-0.50947
-0.14999,65597.959,3.3961,2.5416,,3.1426,9.618,-0.50938
-0.14999,65657.96,3.3952,2.5441,0.0,,9.6265,-0.50925
-0.14999,65717.959,3.3943,2.5466,,0.0,9.635,-0.50911
-0.14999,65777.96,3.3934,2.5491,0.0,,9.6435,-0.50898
-0.15,65837.96,3.3927,2.5516,,0.0,9.652,-0.50891
-0.15,65897.959,3.3918,2.5541,0.32828,,9.6605,-0.50877
-0.15,65957.959,3.3908,2.5566,,2.9036,9.6689,-0.50862
-0.14999,66017.959,3.3898,2.5591,0.0,,9.6774,-0.50844
-0.15,66077.959,3.389,2.5616,,0.0,9.6859,-0.50835
-0.14999,66137.959,3.3881,2.5641,0.0,,9.6943,-0.50818
-0.14999,66197.96,3.3872,2.5666,,0.0,9.7028,-0.50805
-0.14999,66257.959,3.3861,2.5691,0.0,2.7005,9.7113,-0.50788
-0.15,66317.959,3.3851,2.5716,,,9.7197,-0.50777
-0.14999,66377.96,3.3842,2.5741,0.0,0.0,9.7282,-0.5076
-0.15,66437.959,3.3833,2.5766,,,9.7367,-0.5075
-0.14999,66497.96,3.3822,2.5791,0.0,0.0,9.7451,-0.5073
-0.15,66557.959,3.381,2.5816,0.38299,2.4579,9.7536,-0.50715
-0.15,66617.959,3.3799,2.5841,,,9.762,-0.50699
-0.14999,66677.959,3.379,2.5866,0.0,0.0,9.7705,-0.50682
-0.14998,66737.959,3.3779,2.5891,,,9.7789,-0.50662
-0.15,66797.959,3.3766,2.5916,0.0,0.0,9.7873,-0.50649
-0.15,66857.96,3.3755,2.5941,,2.269,9.7958,-0.50633
-0.14999,66917.96,3.3742,2.5966,0.0,,9.8042,-0.5061
-0.14999,66977.96,3.3732,2.5991,,0.0,9.8126,-0.50595
-0.14999,67037.959,3.372,2.6016,0.0,,9.8211,-0.50577
-0.15001,67097.959,3.3705,2.6041,0.45867,2.0576,9.8295,-0.50561
-0.14999,67157.959,3.3692,2.6066,,,9.8379,-0.50535
-0.14999,67217.96,3.3679,2.6091,0.0,0.0,9.8463,-0.50515
-0.14999,67277.96,3.3666,2.6116,,,9.8547,-0.50496
-0.15001,67337.959,3.3652,2.6141,0.0,1.8459,9.8632,-0.50481
-0.15,67397.959,3.3637,2.6166,,,9.8716,-0.50456
-0.15,67457.959,3.3621,2.6191,0.0,0.0,9.88,-0.50432
-0.14999,67517.959,3.3606,2.6216,0.55507,1.7014,9.8884,-0.50406
-0.15,67577.96,3.359,2.6241,,,9.8968,-0.50385
-0.14999,67637.96,3.3574,2.6266,0.0,0.0,9.9052,-0.50358
-0.15,67697.96,3.3557,2.6291,,1.5334,9.9136,-0.50336
-0.15,67757.959,3.3539,2.6316,0.0,,9.9219,-0.50309
-0.14997,67817.959,3.3521,2.6341,,0.0,9.9303,-0.50271
-0.14999,67877.96,3.3502,2.6366,0.67214,1.4074,9.9387,-0.5025
-0.15,67937.96,3.3485,2.6391,,,9.9471,-0.50228
-0.15001,67997.959,3.3465,2.6416,0.0,0.0,9.9554,-0.50201
-0.14999,68057.959,3.3444,2.6441,,1.3,9.9638,-0.50163
-0.15,68117.959,3.3423,2.6466,0.0,,9.9721,-0.50135
-0.14998,68177.96,3.3403,2.6491,0.79007,1.2134,9.9805,-0.50098
-0.15,68237.96,3.3381,2.6516,,,9.9888,-0.50072
-0.14999,68297.96,3.3358,2.6541,0.0,1.1335,9.9972,-0.50034
-0.14999,68357.959,3.3334,2.6566,,,10.006,-0.49998
-0.15,68417.959,3.331,2.6591,0.9008,1.0633,10.014,-0.49965
-0.15,68477.959,3.3286,2.6616,,,10.022,-0.49929
-0.14999,68537.96,3.3262,2.6641,0.0,1.0007,10.03,-0.4989
-0.14999,68597.959,3.3236,2.6666,,,10.039,-0.49851
-0.15001,68657.96,3.3208,2.6691,1.0185,0.96333,10.047,-0.49815
-0.14998,68717.96,3.318,2.6716,,,10.055,-0.49763
-0.15,68777.959,3.3153,2.6741,0.0,0.90037,10.064,-0.4973
-0.15001,68837.959,3.3125,2.6766,,,10.072,-0.49691
-0.15,68897.96,3.3096,2.6791,1.1154,0.8713,10.08,-0.49644
-0.15,68957.96,3.3064,2.6816,,,10.089,-0.49596
-0.14998,69017.96,3.3033,2.6841,0.0,0.83489,10.097,-0.49543
-0.14999,69077.96,3.3002,2.6866,1.2173,0.79942,10.105,-0.495
-0.14999,69137.96,3.297,2.6891,,,10.113,-0.49452
-0.15001,69197.959,3.2936,2.6916,0.0,0.76003,10.122,-0.49407
-0.15,69257.959,3.2901,2.6941,1.3219,0.74547,10.13,-0.49352
-0.14999,69317.96,3.2866,2.6965,,,10.138,-0.49296
-0.15,69377.96,3.283,2.699,0.0,0.71757,10.146,-0.49245
-0.15,69437.96,3.2794,2.7015,1.4205,0.68309,10.154,-0.49191
-0.14999,69497.96,3.2757,2.704,,0.66013,10.163,-0.49132
-0.15,69557.959,3.2717,2.7065,1.5271,,10.171,-0.49076
-0.14999,69617.959,3.2676,2.709,,0.64282,10.179,-0.49011
-0.14999,69677.959,3.2634,2.7115,0.0,0.61231,10.187,-0.48948
-0.15,69737.959,3.2591,2.714,1.6381,0.59742,10.195,-0.48887
-0.14999,69797.959,3.2549,2.7165,,0.57511,10.203,-0.4882
-0.14999,69857.96,3.2504,2.719,1.7602,0.55311,10.211,-0.48753
-0.15,69917.96,3.2456,2.7215,,0.53867,10.22,-0.48684
-0.14999,69977.96,3.2408,2.724,1.8791,0.52404,10.228,-0.48609
-0.14999,70037.96,3.2358,2.7265,,0.50557,10.236,-0.48534
-0.15,70097.959,3.2309,2.729,1.999,0.49542,10.244,-0.48464
-0.14999,70157.96,3.2257,2.7315,,0.47856,10.252,-0.48382
-0.14999,70217.96,3.2203,2.734,2.1003,0.47263,10.26,-0.48301
-0.14999,70277.96,3.2147,2.7365,,0.45138,10.268,-0.48217
-0.14998,70337.959,3.209,2.739,2.2189,0.44968,10.276,-0.48129
-0.15,70397.96,3.2034,2.7415,,0.43413,10.284,-0.48051
-0.14999,70457.959,3.1975,2.744,2.3045,0.42638,10.292,-0.47959
-0.14999,70517.959,3.1912,2.7465,2.4171,0.4132,10.3,-0.47865
-0.15,70577.959,3.185,2.749,,0.39971,10.308,-0.47775
-0.14999,70637.959,3.1785,2.7515,2.5224,0.39527,10.316,-0.47674
-0.14999,70697.959,3.1721,2.754,,0.38239,10.324,-0.47578
-0.14999,70757.959,3.1653,2.7565,2.6186,0.3683,10.332,-0.47476
-0.14999,70817.96,3.1582,2.759,2.7194,0.35473,10.34,-0.4737
-0.14999,70877.96,3.151,2.7615,2.8319,0.35775,10.348,-0.47262
-0.14999,70937.959,3.1437,2.764,,0.34342,10.355,-0.47152
-0.15,70997.96,3.1364,2.7665,2.9609,0.33528,10.363,-0.47046
-0.15,71057.959,3.1286,2.769,3.0584,0.32408,10.371,-0.46929
-0.14999,71117.96,3.1205,2.7715,3.1434,0.31032,10.379,-0.46804
-0.14999,71177.959,3.1123,2.774,,0.30817,10.387,-0.46681
-0.14999,71237.96,3.1038,2.7765,3.2899,0.29424,10.395,-0.46554
-0.15,71297.96,3.0952,2.779,3.3938,0.28491,10.402,-0.46428
-0.14999,71357.96,3.0863,2.7815,3.5271,0.28208,10.41,-0.46291
-0.14998,71417.96,3.0769,2.784,3.6512,0.27,10.418,-0.46147
-0.14999,71477.959,3.0672,2.7865,3.7733,0.25905,10.425,-0.46005
-0.15,71537.959,3.0573,2.789,3.9209,0.24843,10.433,-0.4586
-0.14999,71597.96,3.047,2.7915,4.0481,0.2448,10.441,-0.45702
-0.14999,71657.959,3.0365,2.794,4.1998,0.23534,10.448,-0.45544
-0.14999,71717.959,3.0254,2.7965,4.3607,0.22197,10.456,-0.45378
-0.14999,71777.96,3.0138,2.799,4.4853,0.21797,10.463,-0.45204
-0.14999,71837.96,3.0018,2.8015,4.6544,0.20669,10.471,-0.45024
-0.15,71897.959,2.9893,2.804,4.9957,0.20012,10.478,-0.4484
-0.15,71957.959,2.9763,2.8065,5.195,0.18907,10.486,-0.44645
-0.14999,72017.959,2.9626,2.809,5.3598,0.18016,10.493,-0.44436
-0.14999,72077.96,2.948,2.8115,5.7683,0.17345,10.501,-0.44217
-0.15,72137.959,2.9328,2.814,5.9875,0.16192,10.508,-0.43992
-0.15,72197.96,2.9167,2.8165,6.4046,0.15166,10.515,-0.43751
-0.15,72257.959,2.8995,2.819,6.9718,0.14043,10.523,-0.43493
-0.14999,72317.959,2.8808,2.8215,7.625,0.13281,10.53,-0.43209
-0.15,72377.959,2.86,2.824,8.4631,0.11496,10.537,-0.429
-0.14999,72437.959,2.8364,2.8265,9.5584,0.10274,10.544,-0.42543
-0.15,72497.96,2.8083,2.829,11.829,0.083793,10.551,-0.42125
-0.15,72557.96,2.7734,2.8315,14.484,0.065907,10.558,-0.41601
-0.15,72617.959,2.7314,2.834,17.216,0.056684,10.565,-0.40971
-0.14998,72677.959,2.6852,2.8365,18.714,0.053173,10.572,-0.40273
-0.14999,72737.959,2.6376,2.839,19.273,0.052784,10.578,-0.39561
-0.15,72797.959,2.5897,2.8415,19.274,0.052599,10.585,-0.38846
-0.14999,72857.96,2.5425,2.844,18.785,0.0535,10.591,-0.38135
-0.15,72914.331,2.5,2.8463,17.669,0.057062,10.597,-0.375
-0.15,72914.339,2.5,2.8463,17.669,0.057062,10.597,-0.375
